NumberOfTime30-59DaysPastDueNotWorse,count,default_rate
0,16033,0.15025260400424126
1,4598,0.265115267507612
2,1754,0.3523375142531357
3,747,0.42570281124497994
4,342,0.4502923976608187
5,140,0.5285714285714286
6,54,0.5185185185185185
7,25,0.32
8,12,0.3333333333333333
9,4,0.75
10,1,1.0
11,2,0.5
12,1,1.0
13,5,0.8
96,264,0.5416666666666666
