NumberOfTime60-89DaysPastDueNotWorse,count,default_rate
0,5731,0.3100680509509684
1,1118,0.501788908765653
2,318,0.5660377358490566
3,105,0.6190476190476191
4,34,0.6176470588235294
5,16,0.75
6,9,0.5555555555555556
7,2,0.5
8,1,0.0
9,1,1.0
11,5,0.8
96,264,0.5416666666666666
